{"cameraMode":{"drawMode":2,"name":"Shaded Wireframe","section":"Shading Mode"},"sceneLighting":true,"audioPlay":false,"sceneViewState":{"m_AlwaysRefresh":false,"showFog":true,"showSkybox":true,"showFlares":true,"showImageEffects":true,"showParticleSystems":true,"showVisualEffectGraphs":true,"m_FxEnabled":true},"in2DMode":false,"pivot":{"x":-0.43976664543151858,"y":3.159395217895508,"z":2.1790289878845217},"rotation":{"x":-0.0032865393441170456,"y":0.9700407981872559,"z":-0.24263335764408112,"w":-0.013096248731017113},"size":2.8169476985931398,"orthographic":false}